lambdaBS,lambdaSC,numCPE,lambdaUE,deployRange,r_min_cell,r_min_FWA,num_rep,rep_gain,GroupCount,mean_max_FWA,std_max_FWA,median_max_FWA,mean_Band,std_Band,median_Band,mean_Band_FWA,std_Band_FWA,median_Band_FWA,mean_cell_se,std_cell_se,median_cell_se,mean_FWA_se,std_FWA_se,median_FWA_se
5,0,50,1000,200,35000000,25000000,1,10,99,100,0,100,80000000,0,80000000,78110811.3816425,52931.2474266523,78115034.686385,1811.53662672727,33.0702632343352,1810.908902,3.539394,0.365466352942737,3.554916
5,0,50,1000,200,35000000,50000000,1,10,99,100,0,100,80000000,0,80000000,78110811.3816425,52931.2474266523,78115034.686385,1811.53662672727,33.0702632343352,1810.908902,3.42674046464646,0.367825596582666,3.420543
5,0,50,1000,200,35000000,75000000,1,10,99,100,0,100,80000000,0,80000000,78110811.3816425,52931.2474266523,78115034.686385,1811.53662672727,33.0702632343352,1810.908902,3.3134808989899,0.358625933353947,3.308456
5,0,50,1000,200,35000000,100000000,1,10,99,99.6060606060606,1.79465295274023,100,80000000,0,80000000,78110811.3816425,52931.2474266523,78115034.686385,1811.53662672727,33.0702632343352,1810.908902,3.25608111111111,0.333248348103593,3.304837
5,0,50,1000,200,35000000,125000000,1,10,99,92.8383838383838,7.54538251922119,95,80000000,0,80000000,78110811.3816425,52931.2474266523,78115034.686385,1811.53662672727,33.0702632343352,1810.908902,3.38583948484848,0.244806284684665,3.404368
5,0,50,1000,200,35000000,150000000,1,10,99,75.1111111111111,11.5342337739806,76,80000000,0,80000000,78110811.3816425,52931.2474266523,78115034.686385,1811.53662672727,33.0702632343352,1810.908902,4.12406480808081,0.385520332345082,4.02119
5,0,50,1000,200,35000000,175000000,1,10,99,56.979797979798,12.2332599473061,56,80000000,0,80000000,78110811.3816425,52931.2474266523,78115034.686385,1811.53662672727,33.0702632343352,1810.908902,5.37679527272727,0.70973366975596,5.247987
5,0,50,1000,200,35000000,200000000,1,10,99,42.5858585858586,10.7114378129462,42,80000000,0,80000000,78110811.3816425,52931.2474266523,78115034.686385,1811.53662672727,33.0702632343352,1810.908902,7.06330143434343,0.997548521690827,6.966465
5,0,50,1000,200,35000000,225000000,1,10,99,33.1515151515151,8.08799013448857,33,80000000,0,80000000,78110811.3816425,52931.2474266523,78115034.686385,1811.53662672727,33.0702632343352,1810.908902,8.87540149494949,1.31126190788414,8.744845
5,0,50,1000,200,35000000,250000000,1,10,99,26.3030303030303,6.12698038863728,26,80000000,0,80000000,78110811.3816425,52931.2474266523,78115034.686385,1811.53662672727,33.0702632343352,1810.908902,10.6206482929293,1.60140854824082,10.289474
5,0,50,1000,200,35000000,275000000,1,10,99,21.6565656565657,4.47706540219631,22,80000000,0,80000000,78110811.3816425,52931.2474266523,78115034.686385,1811.53662672727,33.0702632343352,1810.908902,12.3361141515152,1.77330016738783,11.824783
5,0,50,1000,200,35000000,300000000,1,10,99,18.040404040404,4.12785261147056,18,80000000,0,80000000,78110811.3816425,52931.2474266523,78115034.686385,1811.53662672727,33.0702632343352,1810.908902,14.1184341717172,2.36423284125851,13.720632
5,0,50,1000,200,35000000,300000000,1,20,99,18.0707070707071,4.16313393837227,18,80000000,0,80000000,78209284.9036372,46716.965850821,78207762.78391,1895.02760089899,32.8868160869877,1891.157452,14.0757335959596,2.35055816256583,13.548324
5,0,50,1000,200,35000000,300000000,1,30,99,18.4444444444444,4.0234572965026,18,80000000,0,80000000,78258960.9852503,47858.0368613857,78262565.744954,1943.508507,33.0586636572294,1942.519778,13.9508104848485,2.32239008777568,13.478442
5,0,50,1000,200,35000000,300000000,1,40,99,18.2424242424242,3.92555964836553,18,80000000,0,80000000,78294691.4910085,43019.3954112068,78294124.302361,1979.27896610101,32.8856630154386,1978.947738,14.0100711313131,2.35748658232296,13.450697
5,0,50,1000,200,35000000,300000000,1,50,99,18.2121212121212,4.25290471510589,18,80000000,0,80000000,78320429.6936632,43676.7760403054,78314605.899324,2006.3023089596,33.5175727496448,2004.93351,14.0507078181818,2.40265749986162,13.551766
5,0,50,1000,200,35000000,300000000,1,60,99,18.4242424242424,4.211478263641,19,80000000,0,80000000,78343404.1085041,37113.769683429,78343754.245208,2027.6948469697,32.0233695567658,2025.048421,13.9624728787879,2.41394861260589,13.50366
5,0,50,1000,200,35000000,300000000,1,70,99,18.2626262626263,3.96305864815183,18,80000000,0,80000000,78360359.227182,42444.9478846096,78359731.861588,2047.07686061616,33.1542344893929,2048.297883,14.0123647272727,2.31071272441429,13.560275
5,0,50,1000,200,35000000,300000000,2,10,99,18.2121212121212,4.03624579881144,18,80000000,0,80000000,78178833.7004012,49402.3150877332,78183943.906838,1851.50358488889,31.7682453298909,1851.725109,14.097412030303,2.39949421742716,13.768826
5,0,50,1000,200,35000000,300000000,2,20,99,18.4141414141414,4.12560472007785,18,80000000,0,80000000,78269140.4076225,44407.8791007307,78270125.912413,1935.7130720202,31.7302788354577,1934.434975,13.9991942626263,2.408982776073,13.458144
5,0,50,1000,200,35000000,300000000,2,30,99,18.1616161616162,4.14213557929809,18,80000000,0,80000000,78315718.481914,41625.687983206,78314322.77921,1985.12703378788,32.4498105257938,1986.111126,14.1104402323232,2.43513936399581,13.58329
5,0,50,1000,200,35000000,300000000,2,40,99,18.3131313131313,4.03466222607287,18,80000000,0,80000000,78350827.5128907,40786.2251247924,78349726.72699,2019.98997236364,32.4641668580158,2019.802213,14.0189045858586,2.44914744938966,13.598428
5,0,50,1000,200,35000000,300000000,2,50,99,18.4343434343434,4.30984070012351,19,80000000,0,80000000,78374423.1639663,39017.1736058425,78377445.775191,2046.21926919192,32.0828074706112,2045.882815,14.0347765454545,2.49081768338997,13.580677
5,0,50,1000,200,35000000,300000000,2,60,99,18.2929292929293,4.15577425987398,18,80000000,0,80000000,78393825.9511024,38430.5765253722,78392333.1761,2068.92288654545,32.7732927296241,2067.161595,14.0294802828283,2.38189752707677,13.331898
5,0,50,1000,200,35000000,300000000,2,70,99,18.2929292929293,4.0057421164015,18,80000000,0,80000000,78409645.7298964,36448.5580877829,78413827.679133,2087.3977400505,32.8006384676302,2086.585065,14.0380904343434,2.43030757184819,13.624998
5,0,50,1000,200,35000000,300000000,3,10,99,18.3838383838384,4.10004248536243,18,80000000,0,80000000,78201006.4422852,49577.4026793701,78209697.531987,1867.06793024242,31.7078155558601,1866.173877,14.0179577070707,2.37295364068112,13.648149
5,0,50,1000,200,35000000,300000000,3,20,99,18.4343434343434,4.11607504781153,18,80000000,0,80000000,78292111.302536,42246.372953267,78290083.647572,1950.52884294949,31.7818877376074,1948.054761,13.941430989899,2.39352793102967,13.474354
5,0,50,1000,200,35000000,300000000,3,30,99,18.3333333333333,3.96154989253201,18,80000000,0,80000000,78340277.637152,40813.3253480886,78341710.521355,1999.18599720202,31.8522720503864,1995.459271,13.9892898282828,2.35219549332515,13.553092
5,0,50,1000,200,35000000,300000000,3,40,99,18.0707070707071,4.07394039122764,18,80000000,0,80000000,78373496.8128719,38085.6857333559,78375736.753471,2035.48139025253,32.1252710586101,2032.111391,14.1243821414141,2.44332188871549,13.666702
5,0,50,1000,200,35000000,300000000,3,50,99,18.2424242424242,4.0332569233832,18,80000000,0,80000000,78395108.9605877,38894.0334857877,78394935.154517,2062.29339734343,31.3197071832985,2061.295004,14.0122982929293,2.35352586062388,13.723568
5,0,50,1000,200,35000000,300000000,3,60,99,18.1717171717172,4.00774862760242,18,80000000,0,80000000,78413099.4195466,36978.1162331183,78414402.016546,2083.74866715152,32.0277005701474,2081.885693,14.0001074040404,2.43963895501371,13.496503
5,0,50,1000,200,35000000,300000000,3,70,99,18.2626262626263,4.0597221644803,18,80000000,0,80000000,78431604.5763401,35249.6489874485,78433939.921643,2103.09603022222,31.8277344997116,2099.845985,14.0211588686869,2.37316033676457,13.495275
5,0,50,1000,200,35000000,300000000,4,10,99,18.2121212121212,4.1410654432846,18,80000000,0,80000000,78219374.4330303,45609.7769548887,78225146.835999,1874.14267422222,31.1867283749188,1873.372647,14.0721318989899,2.43667500145356,13.552953
5,0,50,1000,200,35000000,300000000,4,20,99,18.2020202020202,3.99739659661237,18,80000000,0,80000000,78304767.4544703,39621.6934680073,78310289.837897,1958.1201039899,32.3240870846101,1956.775467,14.0446302626263,2.37774958065083,13.480241
5,0,50,1000,200,35000000,300000000,4,30,99,18.1212121212121,4.18762201107104,18,80000000,0,80000000,78352124.5562949,39501.0775664906,78355885.524792,2007.30961328283,31.6567760365415,2006.735803,14.1237238989899,2.40586319731901,13.655033
5,0,50,1000,200,35000000,300000000,4,40,99,18.3939393939394,4.12760290621463,18,80000000,0,80000000,78383736.960622,36141.540543264,78384067.871687,2042.76208086869,30.9949912334435,2039.524686,14.0091605454545,2.36258807662918,13.56492
5,0,50,1000,200,35000000,300000000,4,50,99,18.3232323232323,3.95853065614999,18,80000000,0,80000000,78405357.578047,36487.9982257251,78409102.635236,2069.15262221212,31.0747398277117,2067.547852,14.0410271313131,2.36525973775317,13.407924
5,0,50,1000,200,35000000,300000000,4,60,99,18.3030303030303,4.1242304055239,18,80000000,0,80000000,78424991.3003995,34571.5800432803,78423786.085121,2091.41683870707,31.2793420585187,2089.935431,13.9370297979798,2.41862682782113,13.485848
5,0,50,1000,200,35000000,300000000,4,70,99,18.2626262626263,4.12455528483624,18,80000000,0,80000000,78441401.8114258,32963.8464641815,78441505.640988,2109.8570909495,31.4480970188221,2108.910562,14.0394193131313,2.4205275568994,13.388531
5,0,50,1000,200,35000000,300000000,5,10,99,18.2828282828283,4.00520173009847,18,80000000,0,80000000,78225480.6498454,42034.9730771328,78225584.915774,1878.29439435354,31.1573400483019,1878.148305,14.053747010101,2.41718014109796,13.532477
5,0,50,1000,200,35000000,300000000,5,20,99,18.4040404040404,4.22557613972776,18,80000000,0,80000000,78311946.3538301,38804.8638652201,78313669.63384,1962.70408784848,30.9776369579638,1959.777212,13.895034969697,2.31417128287668,13.413734
5,0,50,1000,200,35000000,300000000,5,30,99,18.1717171717172,4.16261398456523,18,80000000,0,80000000,78360357.0012319,37582.269643163,78363550.783563,2011.98050331313,30.5362054643943,2011.866621,13.9977475959596,2.38318943459823,13.592295
5,0,50,1000,200,35000000,300000000,5,40,99,18.3232323232323,4.09037766538435,18,80000000,0,80000000,78392301.7850146,34699.3203780789,78393741.058167,2046.94678012121,31.5607006067984,2045.879838,14.0445376060606,2.45508344693943,13.423353
5,0,50,1000,200,35000000,300000000,5,50,99,18.3535353535354,3.98034233814623,18,80000000,0,80000000,78415703.5441526,34500.0054648888,78413726.168681,2073.50380543434,30.7602749012445,2073.642745,13.9781564747475,2.38758883527611,13.543811
5,0,50,1000,200,35000000,300000000,5,60,99,18.3838383838384,4.21054815062311,18,80000000,0,80000000,78432584.9820272,33901.5763825854,78429987.165361,2096.31047809091,30.822079794279,2095.96908,13.9928477676768,2.47224902853499,13.331734
5,0,50,1000,200,35000000,300000000,5,70,99,18.1717171717172,4.15770836615165,18,80000000,0,80000000,78446454.9701717,34445.7793716194,78446325.297887,2114.07411907071,31.3475664114017,2111.15725,14.0728505858586,2.52622481205088,13.365265
