type,x,y,height,width
gnb,-830.0,-247.0,35.0,8
gnb,830.0,247.0,35.0,8
apt,-899.4,-262.8,0,0
apt,-769.7,-298.9,0,0
apt,-768.1,-317.6,0,0
apt,-721.7,-289.5,0,0
apt,-773.9,-203.1,0,0
apt,755.2,182.5,0,0
apt,884.5,360.3,0,0
apt,983.9,324.4,0,0
apt,929.8,244.5,0,0
apt,741.6,359.2,0,0
home,-574.3,83.9,0,0
home,-1067.3,-536.9,0,0
home,-742.6,-4.1,0,0
home,-920.3,189.6,0,0
home,-1037.3,-354.0,0,0
home,-478.9,-296.5,0,0
home,-721.6,7.3,0,0
home,-1068.7,-412.0,0,0
home,-1075.1,-412.7,0,0
home,-628.5,-124.2,0,0
home,-563.3,70.1,0,0
home,-588.6,-239.9,0,0
home,-1076.8,-482.4,0,0
home,-612.5,-46.5,0,0
home,-1060.9,-143.2,0,0
home,-594.4,-263.2,0,0
home,-729.8,125.3,0,0
home,-1111.2,103.0,0,0
home,-570.0,-356.5,0,0
home,-1076.2,-506.5,0,0
home,-847.9,-21.2,0,0
home,-684.9,-116.6,0,0
home,-1070.1,-257.0,0,0
home,-609.6,-484.7,0,0
home,-1127.6,-163.9,0,0
home,-986.9,-119.2,0,0
home,-529.0,-29.3,0,0
home,-493.9,-285.4,0,0
home,-740.1,-552.5,0,0
home,-1095.0,-52.0,0,0
home,-1176.3,-322.3,0,0
home,-1041.5,135.8,0,0
home,-1057.4,-90.9,0,0
home,-985.0,-148.8,0,0
home,-483.7,-422.4,0,0
home,-574.6,75.7,0,0
home,-1192.8,-150.0,0,0
home,-1176.5,-211.6,0,0
home,-1187.4,-32.7,0,0
home,-538.0,-322.7,0,0
home,-609.8,-125.7,0,0
home,-1013.3,-248.7,0,0
home,-1275.9,-266.6,0,0
home,-1241.3,-218.3,0,0
home,-1270.9,-209.7,0,0
home,-657.4,-192.1,0,0
home,-1053.9,-76.2,0,0
home,-878.8,12.4,0,0
home,-837.6,-70.9,0,0
home,-1127.5,-200.9,0,0
home,-734.4,64.5,0,0
home,-976.2,-45.9,0,0
home,1047.5,512.7,0,0
home,715.2,504.0,0,0
home,1263.1,329.0,0,0
home,662.4,537.1,0,0
home,1019.6,48.6,0,0
home,850.4,535.7,0,0
home,695.0,120.3,0,0
home,572.7,361.2,0,0
home,659.2,461.0,0,0
home,578.7,-114.1,0,0
home,438.5,207.3,0,0
home,552.1,-62.6,0,0
home,765.4,-106.5,0,0
home,1050.7,302.9,0,0
home,790.1,-111.5,0,0
home,505.3,110.1,0,0
home,962.6,-62.8,0,0
home,1142.3,440.0,0,0
home,1106.1,463.8,0,0
home,533.9,382.1,0,0
home,867.6,636.8,0,0
home,820.6,538.8,0,0
home,826.6,-46.7,0,0
home,773.4,-165.0,0,0
home,579.6,68.5,0,0
home,398.0,257.6,0,0
home,1043.1,187.0,0,0
home,835.0,655.5,0,0
home,1256.2,253.5,0,0
home,577.2,55.6,0,0
home,417.6,128.8,0,0
home,543.4,421.0,0,0
home,867.0,434.5,0,0
home,1115.7,581.7,0,0
home,1167.1,-27.9,0,0
home,943.2,498.6,0,0
home,1196.2,223.4,0,0
home,600.0,451.3,0,0
home,949.9,-106.0,0,0
home,1174.2,93.6,0,0
home,843.5,456.6,0,0
home,1141.8,380.8,0,0
home,1259.4,360.3,0,0
home,885.9,-65.9,0,0
home,655.6,505.2,0,0
home,557.4,369.8,0,0
home,902.3,588.3,0,0
home,906.6,-98.5,0,0
home,938.0,-66.0,0,0
home,1075.1,325.3,0,0
home,1136.5,76.5,0,0
home,782.7,-9.7,0,0
mall,-8.6,-55.1,0,0
mall,-51.9,-32.7,0,0
mall,-6.4,-57.7,0,0
mall,-47.9,-56.0,0,0
mall,-17.9,15.3,0,0
mall,60.0,-0.3,0,0
office,-1266.2,171.2,0,0
office,-785.9,361.8,0,0
office,380.3,-147.2,0,0
office,1377.1,202.7,0,0
office,-1228.7,213.0,0,0
office,-772.5,381.8,0,0
office,369.3,-157.7,0,0
office,1417.0,190.2,0,0
office,-1221.8,142.8,0,0
office,-786.8,318.9,0,0
office,366.2,-220.3,0,0
office,1428.5,241.8,0,0
ped,-769.1,-369.0,1.5,0
ped,-843.1,-322.2,1.5,0
ped,-808.1,-129.4,1.5,0
ped,-847.0,-190.9,1.5,0
ped,-880.3,-230.5,1.5,0
indoor,-923.6,-165.8,1.5,0
indoor,-718.6,-137.9,1.5,0
indoor,-861.1,-387.5,1.5,0
indoor,-686.2,-167.2,1.5,0
ped,-1073.3,-64.4,1.5,0
ped,-995.5,-629.4,1.5,0
ped,-1229.6,-411.6,1.5,0
ped,-570.2,-238.3,1.5,0
ped,-1024.2,84.6,1.5,0
ped,-603.4,-420.4,1.5,0
ped,-1148.8,-66.5,1.5,0
indoor,-527.0,-171.6,1.5,0
indoor,-555.9,-560.3,1.5,0
indoor,-1086.3,-72.0,1.5,0
indoor,-430.9,-280.3,1.5,0
indoor,-636.8,-32.3,1.5,0
car,-1381.5,355.5,1.5,0
car,-1280.0,-268.8,1.5,0
car,-1208.3,441.6,1.5,0
car,-921.1,155.4,1.5,0
car,-266.6,92.0,1.5,0
car,-1409.0,-214.0,1.5,0
car,-436.2,-425.1,1.5,0
car,-604.4,307.5,1.5,0
car,-1248.1,-193.7,1.5,0
car,-103.6,-448.2,1.5,0
car,-1478.3,153.4,1.5,0
car,-950.3,303.2,1.5,0
car,-158.5,-71.0,1.5,0
car,-479.2,-356.3,1.5,0
car,-384.3,-775.8,1.5,0
car,-1268.8,473.5,1.5,0
car,-1244.3,-462.9,1.5,0
ped,910.4,156.3,1.5,0
ped,953.2,329.8,1.5,0
ped,695.4,218.1,1.5,0
ped,903.6,287.6,1.5,0
ped,743.9,120.2,1.5,0
indoor,784.1,142.7,1.5,0
indoor,747.8,182.5,1.5,0
indoor,960.6,279.7,1.5,0
indoor,935.6,345.3,1.5,0
ped,983.7,-131.7,1.5,0
ped,763.1,-178.2,1.5,0
ped,690.2,516.6,1.5,0
ped,591.7,402.0,1.5,0
ped,525.1,82.4,1.5,0
ped,1064.4,358.7,1.5,0
ped,979.9,136.4,1.5,0
indoor,1131.4,23.9,1.5,0
indoor,444.9,344.1,1.5,0
indoor,1180.4,232.0,1.5,0
indoor,759.8,-24.5,1.5,0
indoor,812.5,-3.9,1.5,0
car,1205.4,816.6,1.5,0
car,268.3,174.9,1.5,0
car,427.7,-91.2,1.5,0
car,319.2,442.3,1.5,0
car,669.2,-302.0,1.5,0
car,532.3,365.4,1.5,0
car,725.8,-231.8,1.5,0
car,1591.0,82.8,1.5,0
car,1385.5,-273.3,1.5,0
car,429.1,-368.7,1.5,0
car,744.8,951.2,1.5,0
car,337.2,-400.1,1.5,0
car,589.0,459.5,1.5,0
car,1130.9,-200.6,1.5,0
car,584.4,1054.7,1.5,0
car,286.0,472.1,1.5,0
car,849.6,-163.9,1.5,0
ped,-12.2,25.1,1.5,0
ped,-983.7,77.9,1.5,0
ped,656.0,467.1,1.5,0
ped,-931.7,143.3,1.5,0
ped,-1283.6,150.0,1.5,0
ped,-821.2,304.8,1.5,0
ped,422.1,-228.4,1.5,0
ped,1457.1,237.6,1.5,0
veg,0.0,0.0,450.0,866.0
